9782,1951,13,7866.1587,424.5486,5829.2576,JIqPF,vX,NpNlqZcDHlRNKj,crzC
4811,-7932,-3812,9629.0749,6541.1268,-3296.6908,SUzlBQhCkthJUVMH,WnMAHXEYuqgmCqFM,ggVcakyjhnNUPIbVUol,fIbkYeGBzo
5834,-2018,7469,-7421.4132,7316.0541,-6621.1941,VkcTmv,gyroADaggtxVoQjk,aROYbBuyXWhljzTcMxs,zLSSqknAbD
-1671,-1147,1032,2701.1797,6761.1546,2546.1409,aXshGDejl,BPangUZXFiuYzZn,bStdhsS,F
6381,-7550,6218,-3799.1379,6738.06,364.1632,JVuBqKcIlK,CBX,ZLblYtqxoZsEbFPfENYX,RzVPmLLsZDp
-5295,-9444,7006,-4272.6228,9730.6159,6698.3028,wPLGJ,EiHaHNFvKZxQ,GngOwip,swIpe
6743,-345,-7862,-7298.3836,9858.3722,-9656.2227,NZyLDseiozeAqrlDNwy,KmTr,XSbDOfHozy,cSFgTwjLaYYJKEK
7812,-6570,-8877,1336.9951,1284.1322,-462.4134,gaaCwjpSyWSNawStq,MJONrSZHZX,xQIXOnLnjYVkou,XmgSGxmOwLLwfeQfbYkP
5033,404,-6924,-7494.3147,8965.4636,-8477.6686,V,joYfcvZlrUuFMWGzRxz,EHuqJKHZsW,c
470,-7825,-9679,7569.8049,-6328.7578,6566.0935,JmLWwxhReE,F,HYH,EgYmcLvtMcbDDcJIQV
-3375,-937,-166,-7672.6834,7035.8027,-4268.4611,eMeMrMQIOXAFdP,ieCDGfWsyxhx,WYSUiRvDOzeYmpE,BalGlYOmrZP
-89,6703,-3123,-2639.7671,-9020.9401,-1261.9653,zJOlxZyCkOhISD,SBcoH,UczZCNQIw,HbhXvZlxafqCiKHcd
6231,-19,7309,4122.2311,365.1538,-3206.975,zaPiiwUTVL,sAZec,t,uelIfsST
-1877,2352,2022,-2811.498,-5896.1238,3518.7187,ZoepShQiCgWy,DYVSGMtuqPVlaNrUQHf,oqCq,HDCzSSroYntfR
311,7455,-5613,-9662.2202,5706.3461,4488.5548,jEfAHeHz,JCzLr,JuQFpHTjWXZyYmxaDn,DDEtnAUUeffwNUvR
-4999,3049,-4982,5078.1866,-3740.8492,744.4593,ewCeT,xCTGiHaGuOaAyG,fzTrNsTVjAsWq,ybG
97,-1816,1161,-5915.2583,-7213.8406,8631.6321,pwoOWjWYnImLyEgDMnx,HHQhRolOwlkYU,pegJaqAUNTPUQIOp,UqjvtAx
-3299,6022,4988,8233.5775,7532.2199,4752.662,OBUDdyX,CQUSDwIxcDmgTsGfh,xreUuRIVGd,kyhBF
6800,5786,2184,-1392.1501,-9024.3699,-970.0502,EhUsrfLsnh,rSAmkAuk,PARgaQgmFUCnxYFLkrIL,JFOgNCmxpbcPkQuD
-8236,-9891,-2990,-1354.7832,-4199.2097,-3857.9145,sCFtcVHoJwzLrusPJ,Z,ENUhlzAqE,IpWKoGQqDgYBP
2045,681,-9993,-5012.0159,-4747.5536,3375.7796,Zpj,kBdyc,VJowiccsjgYvL,YLrJhkXFGzM
5255,-9667,-5984,-9714.8499,-1376.7161,8259.3855,GHpYfwWWEbYYeORegXF,euBOdoOVGTeL,fnvanPo,YGNzeqP
5502,-1109,7161,3453.1292,2298.5337,-8952.8052,XOBvvfxpcGT,vbjZULpZmSV,BUOPwgWIMiwBpbsUaR,XX
-2306,3441,479,-8379.1056,-9010.3526,2925.7864,Syjc,ReuqtLGqYuyMpyu,gZBEnrVyXVT,oITYONkRkhURMNB
6012,-8667,1791,6669.0982,-7854.6733,2924.5799,pj,iAqWo,EPRioroD,ZSKPXlzsKrd
8842,-1099,-4773,-7786.9376,-8155.0686,-886.1761,EaDsvuNRNlLlbaNsQY,dK,ofrqQP,fCrUfMdqePCOPTsJ
-1069,-1182,532,3652.2208,-8385.3811,-406.5802,DZbRrYJd,NSOvw,sExfQSAMnOTYlTzR,O
-687,806,-1363,-4823.0201,-7115.8336,-4129.7591,wyPuC,aoAWuWi,WFAWkDQTfpROQWYfG,ZcSXIfKpb
460,-8996,1128,-8941.1577,-7822.4924,7703.524,fbhgo,UsMseFFTDwD,wOKxLjUqSFLBnUv,Cp
9341,-4778,442,-2783.6577,6466.6681,3996.2951,YL,GZFAyTje,KWwAWy,zNDpkLCSCLkzOIhZBM
-8064,-6023,-7281,6259.5526,-7065.0407,2362.83,oZ,Xxl,TZjmdDTDEBsaaW,gGZUjexppEBvZroBDMU
-8731,5272,-1566,595.9607,-3694.1631,-543.6656,m,hlpECPWIEODXjkrXIfUs,LAbHymQJWkJcTJjADp,NDYxKNzYp
3370,4932,-9439,-7362.1965,-5881.1713,-1125.3634,ddMmfozmvuJiV,EKVf,ZComEGBQ,t
5318,-1177,-2203,6075.7651,407.4259,9395.0683,maufTzMMLCZTeBkon,spwOZ,jrqKxTgJlXIwUnPMd,tewBbzRQK
3493,-4470,5077,1670.8264,3067.5396,-6700.8741,GX,vFPqhacBAIcSVwWlgeA,uLJXIZMA,UdfPMhGkTlIXBxWmHR
3333,9579,-6012,3755.8135,-5726.5725,-2877.0726,ORwEMlonvpcgFackHKA,V,OlpmUAlXdp,mbUvkObjfYknbBfeNL
-9277,-2944,6024,-4055.8697,-5866.3668,1386.3025,WVqvmrGcYYioD,aklWIbe,tLNckSEP,GvXpbTRER
1769,9526,9355,7602.0557,4284.1207,-3398.1122,LELXMHs,X,oMmxNYuEkEHRsOHVk,ugTj
-6262,-7734,9987,5111.6697,1752.4683,7061.6734,aLWXd,Wi,KSQADVMnCjLQpeQ,zKnsVpWnwQ
-9188,-9852,-4152,-5372.0778,7567.4324,7904.873,MFNWQaQDlxRkSmLTTOJZ,RKHSGP,Fg,xqHNIeOgjIHTgTHzY
5070,1212,3783,-9597.5385,9987.6433,-9729.8753,s,WydoUoAoTPjSrhK,lmmNgupdybZSorGAfX,wOCtMxbWDyFuLB
2140,3374,6352,27.3021,9221.9508,-3262.9481,uTwGJSNolWQlwez,xBEHYnbftuQicvfZvhg,IlHhBIRI,hmYBjjBdigpJfdxImU
7241,5065,-7635,-7176.3015,-3414.7376,-5039.5635,tGehsipp,KKLmRJRp,PViHqzySAZNtdPdar,OfE
-8334,-8284,-9916,-5180.6452,-7522.5693,9653.3176,VHjYfY,gyNYiBjdiJnIPcOabIF,CAQzHCitZVDizJlhPUOl,RhErhEuo
4039,1083,-4928,4626.7361,8552.2613,-3048.7496,cAZV,azyncDBwtR,lvDPpsLvSkHkyho,yWVz
9549,-8694,3941,-6794.8711,-3355.3807,1436.5533,hzoUOUlPtjnTTSfBZ,gVgEn,vXlppbuFlwljmNOKDL,dQlsQiikdlc
-4151,6698,9385,3263.037,-9429.0733,9691.0945,bvbyvcKxtAcso,JenTJgnAJyNmdKtK,Fjpetkgz,ZLUJOKFCnfqwWpVd
5742,9768,4884,-9599.5007,1149.8757,-4543.284,cxgncKPmEmvreb,jkA,TsGQJWYrrMrXSaIa,aBexbXnmSyaoqJyIokG
-3790,4031,7567,6382.5157,-7050.6633,2887.453,AOVBVyQfUsY,JZ,D,LvxTNVYxSo
8476,-2024,9617,-7113.9395,-6366.8347,3205.4313,KFnjYpUSPjIDfzSY,d,dsySxA,vpTcCTGBUkncGvTd
7745,-4317,-3506,-9354.9573,-5031.1931,-2960.9562,ej,lChwLNPJIfuHn,ba,XVEtylkuZbiKKDYEJH
4350,-1145,9365,9602.0754,-2737.0438,-2767.8148,aVxVVvBTIsrPbetAZdE,sVWHcgJNEibT,yHVbQYCTvwS,UXggAqJgocob
4089,-7294,5623,-6165.6576,-7377.6083,-3794.3034,QazEq,Ybnici,kQAjxlzjzMpLEuONwGue,hcmWNORf
4421,496,-8329,9799.2457,-7559.2338,9047.0298,XrfKqqvZDdLupTvpg,yPKjxsdcw,TqtvFieuuJa,fCYiuLtnDAfJXkS
-4427,5701,-4425,-6359.4649,4793.7568,5437.9532,gRopbFgTkmdVtf,piISjaJjcKGmFLcNPbO,lStodlRFsGNEBDIBe,xbJnLjjhvgbHHcq
-6555,5822,-1667,-5467.2167,-2718.8161,-2563.9402,A,hPDNmIXjHb,j,PA
-5423,6048,-996,270.9953,-3767.5687,-8074.0516,QelMGrLsDn,NKmXdWfTj,GlrYqdTqHgLKknPdZwgI,caqsedmnJugqAL
5212,9131,-3239,7184.3107,-6606.8418,2390.343,XCpNvPvmXsan,kKSjfIvKAkQICc,SBwyFAHwLm,mqtQ
-3462,-3874,1643,2020.6446,461.987,-1894.3949,UIYLXNyWb,RDNUPCuYTGFdLi,uVAfh,jodiGlzWMvZumsQ
-3230,3424,7111,-3842.0059,-1698.1222,2835.1103,bskWEiUbBzxA,WxxaPTlyB,wTUUusUCg,VlFfFbc
-2858,-3220,-6801,726.696,5898.1116,3234.5312,NvaIAWoNnvdosCqmAr,sYZkGssUFUCuDdEb,BWJJns,ZyUKDZKkuMOEU
-4737,5716,5809,-756.6386,2221.9318,-7220.322,pnV,tyFmwZPaqDzWYDIBM,OlfmnKcWXKyGDNQgQXXY,AiOfpAAkQWwNvt
8637,7587,-4663,-7775.6312,8015.4126,-875.2644,TdCN,whGxKTTywjYtIHsK,zcoYiwxpELsZa,GpHEdxe
1998,-8919,7914,3531.3224,1988.781,9664.5572,GjVgTjjJgkH,dfBHMWtYuhbZ,KqL,vSzdiAFDBqRjcGQwfyrM
594,5364,-1504,4409.0517,-6731.9624,-4320.7847,Lm,wKafjYmoxnqOV,WybIqYfJt,DRLpBvHaNrCajI
-870,-2036,-6715,-7168.9898,-1525.8666,3224.7724,izgeCxAyDdKYq,o,oSXUCrUdlPzbnpuBA,MvtmWY
-3308,-9940,-1588,-9671.7193,-3052.592,-2458.1919,xfibTAIuImV,riULofXwa,bwdhif,NBM
7967,-5257,-8682,-4922.4425,-7955.4423,567.1428,QzzvIp,SiiMWD,IbpPYrdXJeCJuHPk,RBhGa
529,5532,7332,8822.8156,-8445.5176,-6684.8324,hvMsolyTIaEehaJb,IZzCqLe,RLsA,UWWkDjByvPrqeJZT
2094,-6017,418,4030.1922,7984.3222,1515.985,jvOFQQKCB,uJKvEOnpGishvjwtHmBU,MUWr,HhwIsoaTfrGjh
-303,-8808,2880,9645.4714,-7296.8113,-3221.5565,BBZTdkHeXFIPN,MeCWfbmAuFT,BUquhqRNwXl,jXLoWpjaiZdsaKaomr
-6303,1362,3723,-7683.7285,175.9535,-5309.8667,AEyThjIaJszMfLYJf,DwgnEfw,cXTKbucNDIU,xBuqISjjMEfbLQCd
4821,-1181,3808,-6512.8367,5738.3688,-3685.7406,wmkaGMW,baMlMOKmAV,jLRHtyLYJwMjBCzvTaBe,YrTgWfnYVqof
6577,8944,6489,-6314.2499,716.341,4911.9987,PqNIVQrYbrmjD,nkvCzalJOdVCNkSjHs,omp,YdLBtAUODIjqTpJG
-2435,-6981,2374,8533.3458,2608.8441,-929.3338,kQsfH,POcbzlCBVdni,OZTiJ,mLjXxMUxwd
-6629,-7583,-82,2673.1518,-8520.713,-6823.8162,VVoAHUJOUGBucAUAu,iGAVwhStUxRvHZRcFd,FXA,puigMLlIzuIhJXwg
-3423,-4245,-1839,9934.057,3295.7167,6436.3739,KDBjGHdbXwThym,clQepdQB,QqnfoUNnSTWVotdNthZW,zAPLeNQIijktJxv
6682,-1781,3275,-8421.9377,-599.6236,2528.1208,A,IFalIxEhKgrzluNIg,AQOEBCztzP,eBBn
6854,2493,-1089,8868.989,3184.9742,6331.9812,gGyQGzxL,LOcFWikhJeqHYWynU,CKX,ZdzLDcyzTVCesuxZwxt
-4600,-5989,8475,-3800.9022,-7074.7556,-3936.1917,fh,RZ,KYzQ,sRqVskXEdeyXPrbP
7006,7039,-1634,-1275.7422,426.447,-5069.8799,IkgYnczfCvdn,pWyxvpJhRnb,kwDqygabAMYZ,zICQDY
8250,9958,1172,-5285.8493,2133.9217,-7447.4629,IwHUlgx,uxhVZXzhl,NEuyw,kgtIZlGUmWzEdYpCbg
3162,-5557,2381,9732.555,977.9299,-3836.233,xqBuSYQ,MqQKtlCMTQBQfU,nyYtjotanxBJeDPiZ,q
8563,-5502,-2516,5425.7891,9374.1383,5957.0976,GwUNxayuDU,xBppxnbTwQZb,SNWthJBB,Yygwv
3131,-6513,2972,-1245.9763,8490.4082,-3559.2655,uqjhzQEj,OKbeTffqv,MQFJCspoYvSLyNpnY,GmUOxrYyuARlN
-5904,8129,1620,-3341.5747,816.0056,1531.2707,EmLRplrdGVhoMQVAphwZ,PBWYMWCf,UxugsblwUK,pUoSXCskCYW
-6707,-1566,-1291,2450.6377,-5368.4577,7646.6386,edf,sicVZXUvXUvqjPyeFg,xtFmo,EXtUDGE
6299,-1632,6010,4891.4869,-3857.819,-4122.8822,JckbQOjaKWyOq,akT,fQecdQiLheCVfJm,bjzJSOwkekWnPNAIx
8105,9790,5832,4214.6883,4817.2285,-9119.2607,RKluHvXKlVTEnAFS,TZKuUsXSYrDg,cL,SBAOjYCfvSRrZOUu
-1541,2152,-5519,2868.6292,9181.8904,9681.1037,iaIHqeIZSac,bWHCPgcebinBglE,yXRiLcm,uGF
-3390,1254,-4440,-6599.5861,-9702.4171,-2201.1278,umUSbETyYjWefvCv,jDR,FIEgZhDQhdCTq,QrRGYtczqUBhRd
2127,-3818,7638,-83.0555,7918.8563,9457.9634,bFwzJtslX,lamgryypqQn,uvRwGnPbWKhE,OybkGZkZkc
8126,-8307,9981,3424.4072,7863.587,-3229.7193,tnAZopvxnfRQCpcpSS,hSJvNz,jXqzSbeaBYGrLWm,y
1542,-3901,5327,7928.7956,-5145.5894,4404.725,LEYcAoqgzXE,XtUibxk,ibw,PIvzZayEWsnmj
-2582,2299,1729,5470.2483,-947.1557,-7876.9206,mueTaKCF,LUXJvjWoxgjnGP,cqP,kplfo
9833,-3200,9029,6456.3721,6071.7973,3657.3173,gBIbKKZzsVyLEnGdVkQ,JmxAEhcPjes,gBvdutxJcCnROFJtYC,ygrhUFvmWsIQaqVgKK
-4810,-6499,4733,8126.807,-3047.9706,8309.2631,aZLxcGtktIYiqb,qYrZcuv,joIFFRbdqVy,kMZTHvQdj
-5756,3097,-3118,992.6605,-8484.3246,-6736.1623,QQbGDdbzDTirsj,TteEbRWvmux,hwJvKXDgArZkSDwXi,ekTTDsqsOkQaqXUXAESQ
-1618,-9397,-3637,-7641.0175,-6967.817,-5825.543,gQefABFSSXsoXoKPWAtF,XJnSA,HmxUqOTwvsiUd,t
7287,-4878,2886,4069.2425,3529.4871,-2577.2852,SXCwyNeXhDhsVNWzlUZ,od,HzQBviwvZKYLfPp,Gqtjpu
2091,-9013,4460,-5318.201,-1605.8177,8565.3504,VUpCL,anmvhXXUo,ftDvWtKYWOrXfDpZnA,y
-3804,-8381,-2816,383.1099,2019.0288,6289.7391,QYqIjkkvwuHItIF,cZ,vTUcDMe,JiI
8814,4674,8103,-8282.5664,-9488.8279,1534.814,QeXWdGGdvugWTuyQ,rPVpwEGaF,sI,VCdfmotIbuiJduYRoBl
5679,-8120,-796,9072.727,-764.5402,-133.4929,oRcBKMMWlJvtZy,dH,RyxmEjy,piPvEAuWTb
8730,3560,-8839,-9708.4241,-1820.3051,-8029.7063,cZRSAfAXtSrhSOqaoe,Ub,Il,ibfxRTGSKUnxlS
-5249,-3444,-165,-4887.5967,2431.6306,-945.1524,xbjZwXJbjDrPfZSTlyto,OG,jqzKFylI,zPjdnAf
-4225,-7586,-6085,2463.7787,8166.9767,7007.6995,vJhDAE,LUCDkCcy,hTrXwwDDtzaROvJixXw,nECEthgqOrmOZK
-226,-8279,-6480,-3675.8723,5890.8975,-9297.9547,XUDX,ROCjbnmsbQmMyQmUIxm,KyjjYGHmox,wzfofkfEYYngoSROI
-7625,-7194,8028,-2140.2843,-575.8118,9400.8243,wcRENWC,yRCVpPAKlnrDriZd,SWFhgUdJQwCH,LmQsxNjQ
7984,-263,2691,8669.5633,-8976.9233,-7076.5828,hZOd,BjvFKyGSdthrnp,GHgiuDguEnyeMnDPshm,aW
5808,5651,477,4219.9632,-6737.311,4782.3082,jowNhBhjWXSZ,k,CpJXljYvZeOYYZNSj,VSRdt
-8532,-8705,-1046,969.9009,-9878.2697,6360.6085,bwVmsKAYJXRubbmuvh,FipJvDrXKgsot,xgzUuZCZ,NTpTHKFimSGC
-7626,-3694,6558,9390.6653,2579.5119,2207.5571,ojG,wyEgvpkFKMOIxaeZ,j,GLJTMpqZePIGqSaLmoWv
-7478,-441,5339,404.3282,-6500.7192,7576.9838,qjtAmZETAulWkUOqAwls,wgLVDFotLJGpGC,b,bZMyKiBnQITyWkqkFP
7359,7253,5262,-6572.4201,-3941.1653,7378.2022,QoxYfHWR,If,jcQcBYFR,zvoTQTwqDiYuCBjW
4374,9421,3184,3429.3459,-5883.6123,9716.7243,MQFLjvUYgueQRY,ScWDyKBiZsFACIvGeHq,HymiIFjU,QfQGuTbgtUoFRe
-2663,2039,-3130,-4811.0563,-2640.9765,-1905.955,tCRnIBtXLuOvceEW,PuegvffkGjRpW,TUEZIQv,ZObrSUFh
-6739,-4518,7029,-4787.5243,-962.9279,-3169.5459,TSCpOAJbteyBZlGRNMP,xGofRA,LXyODdaTziaqqZlPorb,cnzNrvSNay
5763,-9521,-3925,3468.2049,-3785.4133,1546.5359,LoHBNypspGziBFeQeb,RkgDMaIohpIqXp,vFZnaSJwGwm,SUCxFkgzhftOkpc
3824,-5,771,-2308.2023,-9348.3883,8476.613,UlGBFDyYeOron,ptUSxs,FEEqbFDOjaKslA,HVyvgVC
9034,-7076,6368,7222.8522,-1668.2677,5684.9548,pLSYHiN,QjjSqKn,gf,dQuMtWOuDzJYmz
5899,3399,211,3471.6681,2162.144,6727.7962,kxeHcEdOxzarH,aKJ,tmVlTVWeQwsv,XayvPNOsRxAAKy
4225,6513,-1126,3060.126,-157.1638,5973.5553,OZKqgoEuCDBJUjj,rQFikq,QDOpDljToPSskWpMy,AwHaLJP
6091,-6715,-1399,4628.7742,388.9029,-7510.2412,o,AHIjj,PIRzCOquypVRPF,LNddsHGkmruXhyRMz
8515,-148,-2768,7274.027,-8194.2108,6168.0305,wjvsquqNT,L,MqvOFYDgLQf,RKCiwLN
-1629,-9227,-3224,7597.1022,-4606.19,1001.426,UtYQOEiDLtmmHvFpvlJ,pBnhUqBdeVYghf,LARvfVFFmcnQTA,or
-230,122,-6186,-6510.0099,-5100.4728,-7560.7602,pTWYACHjTMjMnRNJ,EUYmmEnjyyDEMj,hIfOAeAXm,kPTYeH
5354,8239,9661,1098.0242,5013.3262,6866.4234,EcF,oWbZRQDZXKCePxZnY,KawqDBhpVas,eHPOKoVxruOdbzlJG
-9433,-555,-7034,-7382.8742,9479.2561,-546.3605,RBZaUqbX,JYeVGNHXw,roIYM,qPONSzjAeC
287,3618,7715,-5406.7036,-7988.6268,7678.3377,xwBbSZs,Udhvxa,WLvoqctsIkacL,TPtvmPCLZI
-7143,-5934,-95,-4581.8072,2364.829,1899.215,zlLx,Vfocackovml,Fc,wZmJ
-4761,-3840,1890,3684.3675,1616.9062,2383.2088,sdHQfQj,CONaAxEWqmPuMpNIeHuF,yqfIMbrweUcXecsUn,AmNkYDBujEPzW
-7966,9025,4360,-9863.0302,4129.7558,6784.096,OKH,zqKZxaOZqIRXyTdHatqs,hEBFpyIgjYt,GNOaGpxQkIVIf
-9651,-4615,8128,8138.7993,8450.8236,9035.9604,JvTlDNOuSzRskDU,zRabmoqx,njBjXpdSSUVyJK,LkDpCYTKQRHpPyUSGc
6210,2315,7462,-6554.4788,7565.5977,6457.9479,QxCFkFYiOTM,ZylmNlEMEBecAyE,DDtFekavAtttDJcAopC,hnDxgLhvFeBlMmN
6887,9802,-379,7546.0389,-7177.1386,-4333.5756,ChfCfAmjgIaCEnDXnEkv,mlSTLizlyoUP,KYKBomE,Ism
2764,1352,-7140,-8241.7333,-2844.4611,-1923.7145,aGxlpDYcxj,GSVkqEd,ZrEvVMFbmGwfOTwAe,GUGnzJzYVu
-7207,-2188,-2923,8163.2599,-1400.2484,4119.0602,qG,CtFabtqkYuHH,scjdyTK,j
3622,1412,7485,-9872.893,-6721.4377,5284.7818,bP,vCxVhjwF,eua,VAhSsm
-231,-1300,181,-4226.4826,1576.6973,2543.0498,ctnTXxqJgkKeZCeoL,sHzcsdyVzp,vJJdQdZNDmdBX,OQibvfEb
-1743,2435,-7404,6839.7652,6144.2843,8168.299,qGzXoQW,NsxxACK,WUVflATlVuGJXzGpd,RYhivqNM
6491,3393,-1023,6111.2165,-903.9842,-5788.6228,LaFgEqki,rNUtRntbhOQfJQzJi,AvMKCizsoac,erYXIHrtgPJMlSnUQxUM
-4641,-7393,-8405,9250.4785,8966.9755,2483.4426,YTYbZKSl,AEwMJqKwdUHf,pafClBtXHy,a
-4791,-7583,-8358,-4035.7316,-6550.8463,4846.7272,ZwkhAf,gCPTyR,jFzLmJcnEZPccpa,KObuloRnHNmEVA
409,-1115,3559,426.5586,9593.8322,6590.3353,LdtxRc,OVKYro,RTQaaRCnNbSqtGD,COc
-6730,-8146,-6717,-4091.6757,-7490.1309,1616.0075,INwAIEZeZtJ,rIIoPJVHfdR,CaUWYSlplUuSibQOV,dl
5014,-5955,8180,-555.5385,7673.5716,-4771.4905,cWwsh,ZUMPnXqRbiSfIoWte,dTbQKdEpYoVsQlJDJyqx,JRhCa
9528,9990,9552,-6442.7199,3394.113,-3731.7704,xbd,MQQzZHHzsxYII,PhGeapGaKeTeWJJCB,cLlycsYLEqUv
6735,3118,-2159,-9411.4108,1639.9985,9445.5854,PVedOeSZyDeNx,UWXX,ZmAnClJvZa,VcKlLxRtbhbMPR
-9394,8083,-354,-7888.5644,-6294.6977,2019.6981,JGyQxh,D,FoO,lhwotyKu
540,-4367,-2626,2643.042,-134.8506,-9106.6411,vtjVW,guCeUsaf,JfXqnTQYqfrF,uzfTuRDiffJenA
7652,297,2119,8396.2489,7873.2851,-1775.3784,aOhGmHoJBzPkLAaTq,zKqXmSgDksFJnYVz,DUZqLYRy,teLtRAf
-9248,-917,3315,9964.1307,-7054.9054,-1041.8776,SDgdCdWuPKQRFfoIyRfY,FMFoBmkSHIWpVVZubwb,rJ,JSLghjNmtKok
-5857,-3335,3439,-4498.7205,-181.3862,-4775.8572,iylpGhwgQOmXmJvjId,MpNEACVyvaoniROiQKv,LoT,DBKjLYrtNLYcAMnE
6704,5052,6847,-9775.816,-3226.2338,5528.6453,rBorFwDsYbYhjPRvgyzi,pSoLRYPhDmO,T,nbPMbKb
-9260,-4396,-1514,-4983.3583,6241.3545,6482.8133,jniufqtaU,elBWdAha,iqSUXcMln,pAfAeP
-8184,4253,-9637,1300.2385,-3705.9997,2771.2978,ZvZurpEN,xBnnNnJlpADdYXNnHPzP,nDr,xUhdlHBQFCxmD
7181,5931,-6311,2756.0404,-8913.5427,-2338.1513,Z,uZxBlpNSglCf,sXCgnAYGoJQOnsmNKNYF,BoCpmaTlRKTlro
9184,-5537,7870,-6451.3111,-4604.3082,-102.0102,ngQBRMgsRoKKgktvvL,LwKKhOvIj,xZfhlSHOZEiEOOvX,RYrxFnphsEkQxic
9916,5011,2533,5152.7209,-2299.6272,5091.5124,AtcNIKQBGkhEApI,xqookdmdvKeRCCqkpob,rWomoc,EIvaUZZjwg
-5086,-7809,-8135,1474.431,-5827.6679,-7050.2115,VouEclJWCLigtcq,pFnfcItzUvzIVe,aPC,VwPjfWwIwHCQBSdk
8407,-1447,6689,7125.2009,-3629.8054,5668.0609,wK,xGMYDjRSPNBiTZpLvuOK,nUyhLGnS,pwzDBjIlRsDGTVr
8386,-3754,7423,-5130.7381,3463.0809,-1554.5912,xXTmUjGnWHYJqcr,SusBHmoKLmYjgxDBfLL,YGZNwFd,gDJJCiaj
-1726,-5078,-4597,-1734.1952,3950.4801,-754.9957,foqIJG,gv,fSioEyh,mksMlHLzORPZe
4544,-53,582,7330.7361,-6177.9098,7308.7004,MvAhfFFjsdnIGFRTzKDJ,hOILOmiXOYgDVuQJiGkj,lOeoA,ocQFgRIhwkuPaNBu
6300,706,8883,-2989.9814,4814.8619,-8310.5948,lOCdvJK,qeMXMdcGTOkXnKutMLh,xKkKabWGlSijyTSmc,DrVPqAQEea
-7495,3011,7193,-3379.8073,-1341.7872,7514.289,QoPXKOzO,zWqpAVJp,ElVApdYqIYjGbISd,CUFAHkQM
-5157,-8289,-4235,7778.9982,2787.1497,-4515.0055,urbiXcBF,DlJaTZANk,rEenEFVHQgdA,sSlVoOpiQKimweFC
9935,-5301,-9776,1003.0657,-5888.734,9069.0553,P,FDRG,HncZFCwtlZDo,NZgTsFZEueLuNCfImAx
7475,-3156,-9062,-2911.7466,-6648.5637,-5712.5683,aGoiaeGghkSRdX,gGmnoSgh,PQ,vuYGdmwLeLj
-7392,-2200,-3162,-7967.4614,-8563.8767,-1897.1595,JYZzYalTb,ADDPSFkNXoNjL,GvyK,Bdqcb
2913,-1606,-7421,-1760.4862,-1450.3443,-1327.5244,Cr,gUbSt,qjpeKLDMgfloRp,eKFucvxObBNJAIMEQTH
-3207,1830,4204,4497.0242,6261.3392,-4597.0674,HRQKzqpLr,aJFsVyvz,thyihfLsAGbcPdwvoqbG,eVYMimnVPabOntJY
3581,2754,-3809,-8523.9053,-9761.9711,-8199.6624,TveDAfOUPML,JLKZiPszpobORyWaAfAg,xModmOIN,kgFL
-3632,8020,7473,4454.9679,4971.2412,1686.6238,IAXFfPmbOkuzxSwIIYOS,hGpZ,vsDgkHzGLEiQplrDHQH,eZyGUomdNukAM
-3264,-3804,4827,9950.0597,-5091.5253,-2037.292,fyfMVfPtSmWISXgm,LnVrrMHk,Uh,oVDZQ
5489,-9752,-4674,-4042.3797,6853.2821,-4867.3739,JcuLNJSFnfdAsIsEqYOe,bvmFfojY,FPcpHxFgZduvYtUN,lLuz
662,-9836,-7474,6402.8292,4755.3783,-5696.2775,TKsjLCSwGmMd,sUnKOabYPb,phZHfMZPAbGkqKSc,O
2486,-8762,-7827,-4774.7874,-5334.0195,-8243.9144,cuMlXPew,exyIyiBNHtfXnUgObafB,BcMmKFrmcuaZpB,MLVIFPqniDJTw
2622,-4642,-9051,6896.5251,6665.0936,-3523.487,EWf,gpZcNC,rCpIEpIGGaU,bCBqhkCcDDdg
9823,4406,-2999,-4047.7532,7475.2552,-7.6815,jgkCIn,PcJhsHXfzJYlKX,FxMqdnUGzfmrPo,KiCouCdkKgnYbFfya
-8669,2637,9982,8829.3756,3644.5313,-2199.3175,lGYIHozQuji,PzTXBxEVnbUCUtN,VoniRDljPcruTBO,XqbgHvFNwzChqepL
3532,-2552,6863,9949.538,7535.9454,9934.303,xCgJxJBYA,wFhMmwGTcQtoDLxnX,pdVfMJjbUmbZ,GKNiyVZMB
9141,-5943,6202,1029.4348,1319.7787,5628.9955,JbH,aEfufrckPS,pjsmqAThj,scakvdoiGX
-8772,4168,-2849,4200.6526,526.5024,1008.0635,OxwK,HZqiGAP,yANlziCLUNYix,GqfkafQoZxpHrKaXKe
6946,3106,-5469,-4133.1467,1586.2979,-7416.0269,CgnRlFDd,TmMc,xl,ksUwfaW
5931,-502,3564,124.035,-297.1338,-8269.3869,Y,AaEaFchsfj,vOtFGsDSpqdjhTLCtz,h
6447,3529,8369,-763.4613,-4289.7559,-2885.4949,FusN,ToGyRZfDLbBxEtBRhOuZ,UoXKieGTTbtAaGqus,ZXSEgbuGMuV
-2014,941,-7446,9464.1559,-7391.2289,-8745.2382,tEtTtHAHHdYjzVWfW,WxiSRZQUTdDU,XuLgneyBGiGue,omOIlgwBAhjSonejZnm
-6573,7591,4997,6794.781,612.2687,4478.3819,BUlkrfHwOFmanr,XMQrskZhJjvAupwnQrvX,hTUiPneGZmWuhsUN,xxRvAQ
-8037,9261,-6321,1056.9218,6301.639,-3018.4845,DXsMtdmYyKzD,oJBpebNr,WUjBjqIZweHwkgueNXC,UMhK
889,-6823,-5162,1091.9244,4616.9665,-6759.5876,fIKS,OpamdpeySIBlSFNND,Qyu,IxHnfaU
8535,4703,-193,-6003.9949,8770.6838,-9251.373,rcAOpIKrJgmkMV,saLl,xIA,rNvbSBpfvzKTwE
1908,125,1140,4739.8492,-2823.3171,8097.1632,YLgNoRkvfHtDDpT,ReoZMJSHcvEho,OxLyfMhUB,yPsy
-8753,7916,-6595,-9905.6725,3783.593,7158.9187,lvdrlzLD,HIEZ,gLlESUnGx,tXkShIeCbMWSHADAFYkr
8354,-2907,-3056,-8031.9926,-3956.9357,-4936.9621,itZ,TbISjvvKskPKMRdH,ren,pTWYsfQbgakIPy
6939,-4048,654,-2300.416,-7785.135,7066.5954,gpKsjp,MQGgOoVJiaA,yUMUSpLwNcvjGLh,YKciuOmYtrYetDtwH
7049,3090,6317,-4509.5727,-3375.5851,2108.7397,Y,Xa,yQcgcYhVR,mKUARimXXovQVdXFygV
-2755,-1508,7741,2353.3291,5183.1112,-9922.695,NkpEPswqwxoOAKr,iOSlSMbthZGutV,iJwXcVAGIqAunUivV,bJlHjzHKUbgIiOo
-6268,-988,-4326,-1096.4697,-2823.7781,-3121.0659,RQIkRdDpbhYyZKSTXx,SkRbX,RVbLPYivhuZMVPc,LldHdIsgqFnPmHn
9608,2243,-9811,-1979.8795,-9986.719,7902.483,GpjF,rZBqJAuvvlYBuThHuL,SEGOCxpUuggyJsrqKkMV,nztegUMsrzWmxOW
9384,-944,3378,4451.2927,9746.551,4125.0823,FesYWeQortjrcPrKJH,ydKLgQRKofWCvI,ZkPlUazkf,QsqxuaSjNFs
4967,397,4948,5199.2885,8669.2977,6378.7485,pqkrMGT,A,ICWTxAGxdSURX,osrd
-5659,9200,-4710,-5818.5784,6293.5761,-6065.3706,NzZqPeYezyOOYKmrSDZv,cLVqINoHuUW,AjrOv,kHorSVGHLuWUjUo
2518,3368,7071,-692.7363,-5678.527,395.3472,VJrVyCdEmUXyPmmxD,oqkYNtMAWyJhcVmsDHqQ,BOVoilNvXmWXwAwu,ZqvO
7615,5309,9377,8160.9233,-1535.5419,-3151.1316,IJhhuIAnVRTT,mZRJVMRwPwCtKDCj,ASNIeRjxn,TqHIIJJLBeboLZdnxq
9332,9027,4394,2848.1131,1788.0918,-4267.9296,VWByGzUhWsxoa,wsMXuTrQ,Aqux,yXSbfUZQqMfDdtnZvp
-6385,-5010,-1852,664.8026,8422.9803,6209.6133,SWMARNw,llEKqmDcEWbSeUjPqRIK,TgcuCT,wCCDFaGIBXyTFHPaiMva
2348,484,4917,-9900.4358,-2490.8471,-5592.7039,nSJZzjrS,jQWucozliqJ,qSFDdOFduQTdakLKuT,JlJIlFeKSQYpDZhP
-7990,-856,-1122,6185.7776,-6706.8354,3719.4807,gPLXTEi,pV,ppPkRV,AjrqKHo
-6460,-9264,-3275,-9613.9025,7408.672,-2583.8798,mHUSuRB,Ap,vYzAFYrwzFAfew,IXBQmzvMFmFNeICRjNmn
-3117,-6323,7322,2898.5101,8704.966,-4028.6851,AqgqdE,EXRnKMIIhiQa,bHBlmeGkZpgWw,fzCePnofHGeAoxagxLN
-3062,-8537,-2787,173.1889,6290.7736,5359.7069,YRYmL,cLnTWuwOMtjBqMmXDGB,mQiyeysIw,Z
1957,-9581,2266,449.0465,8531.7032,-4586.328,oPDwJVDarPdaRJYZmk,yugxhKjJXQ,xFK,Q
-4500,-1711,480,-6216.9445,-8257.205,-608.0922,ZEqiHmBxCtOMNeiz,QnsUrOABOXTIqcxJHxy,FxHO,pwjQCcmRargRuuTWq
5025,-4949,3419,-1202.8185,-2034.0315,3146.4664,VNJmaHzNQwddQrzCcgtm,xoSvUAdkzPjwoRCpZWba,nWqXjMuboTHjOAq,cjXSQjjMEYdJATuSW
-8678,2117,-3941,3653.8681,3017.8532,9321.5004,bIKjM,yMxkwlCsXKzUj,lEAiWGptelOkvUUMrD,iUiIQfMRLb
5396,-2817,-1525,-4709.0558,-5598.6473,-7474.8668,Y,gT,AcmsPKG,sVSLhGMA
-5260,-173,6135,-2815.6299,-6931.4784,-4818.7778,wA,TpnQjlZnhVeWfNzpMeSm,eAdhwru,Iwxc
3999,-3607,4480,-7798.9844,9603.2562,-5591.0529,nEtrhWhLs,QbxSmbF,AHZPgNGlilZXqCBnWu,LVYOvwkSZTAcs
-8139,6809,-9199,-9684.5506,13.5624,2470.1648,evKJELfpTWpznUVDcx,EVUzJcmzJScoVRMI,izQ,npcpCGxGjIWxDjUmA
5117,-7247,4576,-3692.6587,-1495.4185,5203.5877,uKyiNDRIyoqc,lkvEVNfUecvSptAuw,FAn,YBjokITiZF
-4939,-2488,-9472,-829.3149,5829.2783,1644.7387,pZnWojDy,VSRhD,S,qswPIiHyEeGrtpu
-6127,-7440,-5624,6034.7681,8084.82,-4697.9932,AUw,wODsS,Jxiofidw,ODWuFglyOFlDMgv
8585,-3005,5972,-4428.0146,-7880.7076,-7466.2551,jHGSLcPJ,cthmJMqAYkSJc,EAFpry,TeqdqlHVm
8510,-9280,365,-7268.7965,2651.4873,-1156.2504,EO,ISeuJAvGeQ,vvQTXkADEYFYevkC,AbuCuBJNMJSbxJwevj
7158,6036,3484,-2741.7318,2496.8202,901.453,QIN,zVBY,OasybSdT,jEzJcwUGJBRqjiaxc
-6860,-271,-3763,-5002.6079,291.2968,-8653.3935,ZVEGCiSSVCmdOyXI,LOWYbIubA,HMFk,XV
-3949,-5003,8454,9041.153,2887.8712,7912.5027,emYXSNWJh,eyT,BZH,sKIri
-9297,3813,-7583,-6931.5492,-9180.3195,8980.6909,Bvumt,kx,kNcjQFEvUWsJ,odhLWGtoHZnGOz
6951,7726,-5097,5253.4772,5375.8553,-2806.6052,rh,lDnsKm,dadLAK,W
-2801,8329,-8400,7515.2723,-3252.1903,-6481.0594,GZhJmd,XYtQCBVZdBI,OnqmiKfgx,EtrFWSAal
-5901,-5991,-6921,9109.5777,7424.6593,-8446.7655,GKICOwJ,VbHHnWyqjSQyWE,yJJxNTDfVzFzjGcs,VapBpPHnhSBFbKvwQtt
8348,-8846,6439,-8970.7826,3754.889,6386.1366,IKLckBmgZOqrBkpLwDL,kFNWcHOqiKAWL,zBsEhsOltQCJmMUxuO,oiSjiLCEqfUREo
6224,8628,6323,-9609.0482,5555.8027,756.2934,h,XbcGSvVF,HUIMlZNlKPt,NLafCL
-5767,7309,647,8253.0136,-3759.4624,-9265.1676,VqtMEOiiyIOeBjByYkXi,TDWvwSprHiqyeXds,ySSwqfp,rTHKyFAVmLLXmbRmq
6314,-1966,-5460,-4967.3625,-6166.0915,-4497.3543,TXqZYOLkcgfPe,pvfFM,DWCPCUgGWT,BlcTGRLSgYgdFkjU
-5688,3592,-3513,-7874.8735,3149.8601,-7898.0596,jdXVOnaKmXIcKSRsi,PxmLLLmYALQxaRAq,h,vSRb
9348,2371,-7411,8918.7137,-4397.4305,655.24,fqJNWjKRs,cPzBbBAfwdIe,rsdxlNyLBYuIbY,wdtVDhB
-4606,1641,-5424,3141.3825,-7975.7742,-4925.6673,XgnLNJZDhiLKXtOpdv,tE,mEZFv,NVyRUO
-5738,-9957,2329,5889.0686,4780.47,-3723.6458,xdVsfwURkgiFwZrYd,JkfGafwr,BxmddjpvPGRCXENTp,eUnnMUY
-8245,-7598,3040,4529.7194,-170.8896,9182.6602,J,uIiwwT,rJyRkyWZShXwO,nve
-6671,3256,7047,-9357.6191,-4321.9799,6811.1654,AbYpPgaUnT,s,OLafAAJhFHiHoqudye,GcKlgoldHBrFXKPS
-6024,8783,1114,-7535.9285,-664.837,-4358.3333,snWGdDWgAEwLGDGMd,DynIMihPRZ,NEBy,f
-5370,4876,4069,2678.3866,3870.7196,8595.2838,jjUOs,NUMpuZDAgMCnTHFjEl,spxPIxduYJRIXp,maBKoBn
-1079,-9408,-788,-8980.2516,3145.9689,7210.8654,GJWVaSkrzTaTE,QzVcGkpfOm,KycSjwHdRJbu,JgKTW
-3724,-1972,3835,-1361.1462,5120.1755,-6161.4992,f,JHHmhXMZny,pXuCUhhzQ,ojdHGcMtZlkyDDse
-7210,5733,-1465,9939.7161,-8865.6839,-7204.6782,jepyMhs,fKKapmcdzVVaVQrOGXgY,qDzFYx,TEYyUn
6233,8009,3865,-9809.3375,-613.2297,9749.5758,TqAsn,bwTRbfIhqwAiI,I,MC
6598,4660,-8481,-2333.0388,1186.16,-7149.6747,yepENBtMICVWJ,Rh,nROqlqv,pCvWrQAh
8915,-3386,-5513,-1839.0258,6483.8233,-5090.9277,SgfizmJhEbxfyOzMU,gPXTUmJqiHi,Qh,nCPDYis
5593,2349,8734,-8153.1418,-8997.4998,-3710.8324,P,AXa,ONiyYtnnYdMF,qSz
-1753,8782,9763,-5905.7612,-2202.8961,-242.4537,NPsVCWFLeEIg,pNyWIndLZBRwven,RxwBbXjzdxfALMFLIID,P
2484,6564,4673,-3625.9863,8822.3458,-4723.1937,pCkMOHyQ,d,qFaONLco,QdtSSjJvubqdLR
3514,-3146,2797,6230.2554,3139.8903,4511.618,ItkuvmIbXYgtOXwnnTB,PRu,nrictTqnYCiZFiY,GAODqhlYYmGotqkS
-2264,-8922,-6104,-8471.713,-7839.521,6540.004,xbjlceGx,VJUnUdnAWQIMNwOtw,DlMKwOdiKuJzr,ESEJvOPUS
-7523,-1689,-8856,-119.2513,-6725.4559,6414.3103,WZOZnnbsKrCm,wqJTaUxRDoN,zUMSXSzcC,tDGzODjdfcCxv
4366,9942,2536,-6308.7452,-2607.5892,-5738.2818,LdnoBLiFvW,CjrYQhtKUULYYjlPaJF,mIsWnXYh,rgkVgOQTbxLtGFzWR
5740,-5605,9312,-299.303,3599.7393,-1978.241,HnruRVNiypMXFz,dIVoITpmGfKTqWZe,zPK,k
-9438,7140,-5015,-16.5767,111.3008,-6727.3582,DTz,HsRAlUUZL,CLwUlqhoMxmdzzKyPyJs,LuFbazGkvhmXIq
-9771,-4002,1730,8093.3123,-868.2448,5471.7771,BczMyiYyaEWuU,krXShQPTrLIJxblhYL,QKiekuCGhEnYPm,JsLwvwxil
-5962,7109,3761,-3299.9375,7792.9754,4018.0372,dniQ,CvHWrspmzUjxJzXyrD,XoPpVAHPwRIq,bLnEEJyEwNcqbtz
-1819,1822,-753,-8941.0183,-7431.6319,3970.0255,jdZ,w,zodQWIlicbY,iveEaYatJLCDqlPf
-3295,4384,8940,3586.219,7936.1434,-2189.557,FWXPzsWkeJthBncM,ymOY,MWlVDVzNJxyabGEvR,oxNTAbkDNEscewHvEt
-5455,8059,2068,2817.3998,-1166.9817,1202.5474,hooK,EKZism,qbvlovUq,cpqMeLUFuTIjnyqPewZW
6812,123,-7723,9349.1001,3989.6887,1075.4813,wCPRDSeXNjeVJshwuLvI,XQgPdhRVSQPbtALgfSr,chrpHUikmSvReSnwBM,XgOLPGCj
6904,677,6045,9433.7311,3821.3935,7967.2512,hxVqTHUSouMn,Sa,amgoapvtsfWbYFc,IGS
9507,-7086,9197,342.0548,4874.1903,3804.1033,rQ,gtNUdtOLmChXJvqWKipB,HIICnKLwuXHSGkWuGX,W
-6303,6353,5225,-7050.5283,-1837.3127,6580.3428,UINVhYDcqsZOgJBF,joCQLfUXnyP,ffFekSvN,CMLfrHbEbZCTR
-9714,-1044,-5555,4734.0203,6668.0819,-9645.8281,VwbYkCngTGdHE,PgjKvWHiZxq,ztvmhrcyvaD,cYNbNLHT
1168,-8360,-2584,2177.4637,7595.9599,-7329.3977,ffDHOzYc,AOgRA,qWWaQikZLkgSCaTcmWx,oV
3730,5138,-9556,3028.2563,-3448.0827,-5920.8614,eU,pKCyyAzUbFCp,xAWrVOhJPIzcXfzXIl,yPOuMClOin
5086,4053,2488,88.7296,2931.4808,6891.7243,S,hzkYXZ,BhOQc,Z
-6946,-6650,-3869,1222.057,898.292,-6042.6675,aReP,CmFMOqkeHI,ZMfTdlvaFRsdCc,jgzQala
9885,5922,-4333,-1357.7814,-3185.4446,-464.697,leZwrvU,oNcCKiUSDyd,eV,YlmA
-9175,-9728,1854,-5775.0601,4675.5465,-8320.9292,MebHMZzwcfpOVUiYBj,QqBOQwEZIcuiftj,IhPgyCBzOP,juZwJDTAOCysttm
-2128,-8367,8379,145.574,9030.9282,-2396.1986,JJYmpGMkqXDxiYKw,LhhVlQhkiBdmWK,tbjdPsSkIwBYWQKuSXE,KUFmjRREtFFUXIdJ
372,-6547,-6356,2481.4667,6028.6659,-526.0601,MszkVnCxxIyzaWqTS,RSRBtxBjGoJfMsq,WwaMXB,SWXHJgEWUwkyxcGKF
255,3787,6908,8730.5227,9960.8134,-7472.774,nrELJhjzfErZAua,HTmweSCbAqrV,lV,ayLwCdDNzuwQiFdoPI
6875,6524,1612,-2935.0833,-4605.0455,959.2486,JpNeZnvcu,LWulojcqJAxyam,cdqN,pXlkqBcHwYPW
3668,3249,-6978,8547.079,-863.5949,7290.7239,zixuKFplgPW,SXcvokilIqQe,YTMRFuaLPQNCI,ByXXSDQPQiYqvlg
-2749,5764,-9487,2142.1046,4714.6362,6635.2968,artXVufc,k,JygYG,xnvjWpAbEOlExSKxWWN
2606,493,8665,3191.709,-5292.4682,-4221.9213,K,Of,PhJauhTw,vwt
-9121,2142,-1036,4324.3257,-5601.3629,-2756.0147,RcZHhvHW,wlDWYqAdh,COcsneGIHTUtNxITEbYY,fsMDabgg
-2408,-422,684,4202.8957,8417.4092,3647.5707,N,YDD,jHnVLcHSJznuo,UIVALnuHxDRaWmsO
-187,-3560,6619,-20.1195,1796.222,4117.3404,qzzrQTHf,kEZPlopNhDrPGrAl,RfEMNDKykBfng,nygIHqjEWatVmrnPufU
4651,4596,5917,-4925.7894,-8983.4077,3193.3732,CBrgksoENAbcAxPsjy,ZqBFAmXJD,wkCFiUZNtwZOsG,rXUiQIJKClHEsrhngMWA
1258,5084,-3834,-6484.5196,-5060.2267,-9532.3921,SiOnwfkipMDvu,jxENjpsrXA,wsasYKfjbUYQtLZu,ULqwsHZwgthgFOR
-5587,-9088,4776,8644.2206,-6481.3476,-1957.1271,RLP,isGzXhnRl,PiGHU,ffidcYiGLvBNiXKuIoQ
-3815,-7036,-1675,8941.5284,-9986.4594,-2521.5387,DePiObtAlkKKuZra,CJoAzpcqGrIWpqzerayq,ijQwDxzVJFyh,QBq
-6080,8076,7759,-6849.3123,1416.27,-8810.1683,XQgwJWmtbQGiKCFWdWsB,wdKBsmJlxJsTsSFUD,t,eoP
6844,4029,-8507,-7243.607,2891.2112,-5220.135,k,DIe,hpc,ucxxDgvEr
-3207,-2240,8159,-7697.1655,8545.891,-2410.52,UZIpiWBuGXiHXwsyF,kWeYC,bSHap,vaXfeCGAoWSRdhkJTEB
3427,4753,4763,-217.0001,-8319.11,3519.8219,bzYhlPfmMtwCJGERPXZ,dXmyjOPdm,ZyNhiKvVmcGcXN,fyVLQhrM
3530,-6695,4384,-534.9289,2581.1791,-7011.28,YkKlGbxzVGblKGzRK,VtrgsiZvsdMruW,FoijiKEDjYphhGwb,lsMsHhrAow
-3328,4764,7670,-7802.0915,9395.2105,809.5523,cSokclLOPApxYGZgjp,VhoOkXlOTcKfFHyE,eEiPQgBhpJmOK,hEoeHBGnRqAJlKQnYq
-656,3110,-7501,-1161.8899,-3003.0065,-7170.2251,BuN,xMLfqGxl,Wiy,SfrZKjTE
3925,1017,-3347,5514.7408,-2822.689,-9845.6904,zuowACEvBuhMjdiMD,GXbklxHua,QCEMNBjogXIgrpMOeNbA,zhpwsppPTFzWWYEPFBfH
1256,7144,5583,-4529.1382,2938.4285,2317.2033,dNCSOip,eCofMxrTc,LFMlFeOJMkTPpGRmpszl,jZvrjrePhsFOYM
-8416,-7325,-7086,5735.3962,-7068.3624,3367.4683,rVWKRnpSrLfFCLkpEQzq,HLGdmwsxNNjhaFkAM,SRdEtwD,nxdycWtpQrvJRExQYi
7135,-3735,-57,404.4351,432.0667,4991.145,v,CLVIxB,PBJEga,nIlNUgYDdtwIWtq
5181,-7658,4095,-4238.8642,-4406.1774,-8637.7241,JGloAgVbDjl,mPl,GRzlSGbAIRUOw,ICu
-3052,246,7251,2454.3116,7167.9894,-4627.5121,LNgTjKLyupbDlY,qCtzyp,gSuPEaI,fDTenbBeX
1118,-7855,5276,3510.0102,-7304.1297,2890.8352,QeepXghVjUdpvO,o,wGaDYSKHMt,bsMcOrez
7660,-3567,8461,5238.3241,1026.7342,7009.8329,vzpHGQWUdGDOlH,mzStxU,sGenbsKVXPUNUMs,yS
-1773,6743,8957,6075.8289,2486.3048,207.765,PjClSzBrpt,y,qMybDOL,YMUdNefSUeXPDDoB
-5178,-4870,3793,-5947.3981,4877.6438,7053.3861,pPLlVXxeGxH,OPx,YndNr,DRHKVMPnOXlmbYxEm
-2064,4025,-7836,-6210.2672,4524.5922,-9863.9615,YzOVwjtfjHiyq,ax,fWYVnzixINHMv,KnJ
2093,1857,8809,-6790.9886,3818.2556,-7545.3963,GmSrHlRMCBxk,jdIWxzZEiw,qNXPlPohnnASDH,vfyEESXPLCnYDhwcM
-2185,-110,7300,292.7399,-2496.6415,8312.0376,cO,VOOJFKAUeNYOF,nGNvtLnh,BU
-8190,-9972,1754,-6690.8888,9739.7909,-1708.8992,qzFMfcgppIUKN,MG,uReYWJuLlmNnlbFhl,xTojVlsqfesVI
7321,-8856,7018,3838.6776,-4413.0312,-9326.1977,ang,zYdfvqySRgkHJLNR,FwvqvnC,NbvSwRyKqK
-287,8195,-6827,-6867.2353,3287.1891,6706.8579,llsPLl,tszqpbvXIopZsyxIEJ,unpaWJWwrW,ooRZoLO
-8916,-1897,-6607,-9336.6256,9249.3973,2786.5148,NvVlNNQh,CKQJfThskXNlgoM,lJUgAKn,sglUSO
-575,1345,8968,-1240.3102,613.2253,-7075.9511,ekktiHJZMlyjEVJAajD,MZxdkNzzyFPkMdVrR,BErPioATi,S
3587,-8586,4816,-4388.501,-4014.2033,3844.1168,mFYdIIBSR,PCLg,MIciFYITT,awLSAQPLIF
-9515,-2063,-2621,9632.7806,2888.1676,-6911.9881,VoZgtrLFGbRSKtI,glcOMnqqOkZqA,oIe,uQsNdtVtgo
1114,-8961,7712,-1615.6886,-5697.0803,5173.7227,eEwTedzkgNmmkqqDfojf,cQhKEtNAlatCNZIHdCRg,trvqySUl,KWSCFe
-6928,-1672,-2440,7478.4339,-2034.4695,6586.6796,zCuKY,AXGXEiPbjxJ,NiwIN,cVIOlgoIZFQrgFDH
951,-2967,-7963,3408.0797,-4789.9391,3252.5975,CG,DFxYMBHGPbawLnIbhL,xjM,iiDYcHWqYCph
-7763,8353,-799,-5170.5017,5296.2391,-4850.5321,AEIDXTmEf,ySdAcsNbxcZqVeZaRvt,DKl,JjZQ
9933,-2254,-1346,845.9245,-9113.6341,-1979.9256,qSlylT,AS,GfbCyy,bRfawmDMb
-1272,1077,-9917,8015.4922,-541.4879,-5215.2218,mbCKPynU,lxv,jycu,Zwjyq
7734,3513,-3733,-2807.2549,-2844.9964,9849.4786,OwSSHgHkhMpTGiKpmIc,etiiVGdRoS,GuyqCREZfgatAE,YIOlcCasNXTJJNx
-7083,-9427,842,8291.6744,-1885.798,1831.1991,Dm,xD,OPpByq,iPQaKpeHId
5931,-185,-2002,2683.8971,-9287.2784,-9663.8011,ThUeciqBIxAmvCjeBN,oRCu,GgaiqovjaVdzEacaI,EjS
-1368,1576,7546,-6516.7953,-5233.0486,6518.2766,uYvpBBJVdoGStgjxwjBE,MoNOAcJMBtAuOuRjSO,ufKVlnbwfoAQuxMSZT,kGsDribccTwesEVEyeH
8086,9752,900,-8320.2923,2808.4056,-9669.2328,WrtCNRxPMXZmOiyvWf,E,aausXcjIThbpKHW,mPMFvFY
-7478,625,8157,-1770.5243,6290.3604,-1045.973,mntQdPXGpqHAdYQGDKo,LeUAbDIYSOCHLgGOA,v,gWg
-1078,1546,-1252,-6190.8363,-4284.9189,-9101.2057,NzirSFHzYRZZGuZsPGb,xZsjmWvmLehKGbgb,ePUWusCyViUHa,lhcsQF
8703,241,-167,-6956.0992,1604.2888,-3681.3833,RxYpBVSaGSJq,suIVlV,cNKLypJWh,tnvjfqijyxtku
6503,-9140,-6162,8131.3929,-6800.366,-9953.0176,YYOnIReaLS,HMfcRpHWzFAp,uIgKycrvNfhnsQQ,RywS
8594,7105,-9952,-2073.3096,9786.8793,69.747,nulqtFjynZiYVXUrI,KzQGSevSixOzIFNVDsr,NV,WulDmyaSWUVTUObkxH
-2313,-7243,7687,-1638.571,-7693.3422,8.8974,LKSmCLlrTHMz,dRyhVmPgExISyecnm,SU,goKfrBUoQmAsj
-9248,8463,-9621,-4906.7703,946.3244,-1854.0792,kozOiqhZHx,NfRMIkDQtoDLFFanqrtX,FwQrtEFWDLORQFVMVKkc,lKryhcwFDFLMKHjWj
8464,4001,-732,5233.4374,-9488.4362,-9495.6491,VHw,wDXrOhhQC,LzDZYAJUOBXSAm,NozcbQlwPOu
5555,3724,-7826,-7091.3869,-236.6422,-2836.9913,MfWwRXTMOnjzscRiDD,fchoDnWPYZCB,oVRXSq,n
2258,784,6635,4275.569,-7781.3869,-2178.2357,HjZdhzjRMZObreNVSii,hpSlXOjg,zoHZAJjYUHvIsYGKcZg,TVzDwutzWTnUuic
-7362,-9692,7437,-3364.513,6226.0727,7400.731,iVVXhdGStkPaiyntj,WzgUXYlSDDigOdK,mJOZd,hrCjorGvRIoHIEN
-3933,-1133,-9605,9270.1785,-3176.4095,8504.912,XcMWrHTjrlOMxi,vcVrydm,cj,AQpGJRBHo
5715,-4969,-1730,-8927.984,62.6321,-8959.8818,DVqYKUDNBMuNM,y,Yg,R
-6430,8794,-9719,-3368.1325,-7520.3299,-3310.9914,irihUTTOLjcezxauv,CzMofKZx,Vv,VspoAuSlLwerGoZGkuBE
909,-8717,-8257,4359.2399,2959.4289,-5258.5975,UbvEnyFQZtuywQj,QLnOiSvNp,TaSD,mHvkIYytiOgaaMtwhbv
-1784,-6266,-7406,-3505.9806,6047.1701,816.0001,cNcTWRbqCqr,PMxJHdXALJxsdwAe,VcjJGgvRHoTeFPttDsId,BvHMgJ
7023,-702,-7228,-4509.8592,6401.747,7325.9975,YJqFPwUe,hYkKmQJsxBFCyOjMnU,MPqOsaJX,Vf
3595,7560,2796,-1499.2433,8486.199,3803.797,UffbuubJCOv,nEfArrrYRoJIzPfXYuj,PRJGsNiaUmXKxytEwF,hUw
-6488,4954,-1409,9955.8358,4886.1517,-6420.8768,dLA,rA,rudhyTaxawLKS,rpUGAuYlhHIXb
9629,-6927,9934,8647.0729,5760.6126,9244.4031,Vrvb,RuwsI,Mk,GruHDUsOcyLwmKNfbHcu
9574,-1010,-8809,7979.1426,-9246.3799,-5787.5223,VWqKnRAh,vxkSTW,nyi,AWSSeaqdBpoh
8083,4186,-210,-3615.8025,-5791.876,7182.5073,DnqN,jspTxePlKqXtztxNe,BaHiaHzQZtMqokuHpYkn,whcVdqTTIKmkEnRyyL
2460,1531,-2104,-159.3295,-4085.0214,-1012.6378,dbRjRKxxD,XlTKhWjrCraJhRA,hIyuEQX,iTdrfChTiPons
6560,1233,4325,-4091.227,-5196.8422,-7546.7966,VopxJZIDHmXXAS,mBMnAsAGCxgFS,jr,GtCnJZFEbaJ
9117,5213,-1615,-9237.9628,-6088.0761,1135.3074,KefrfYAMpMPggNEt,IbKmunBmnuT,PhQyxpxAPXNdq,BesyZIkpuxOdajkpNcoX
4889,-7741,-3409,-7953.2092,1853.4273,-9100.5486,zjvOMFHbdlrII,fjrTSSQ,UTqsdXLGczZ,yTQUWZWuizKWIeQDR
-732,-3615,1641,-5519.8959,-2405.7506,-7682.5758,My,JJlZlJ,nWHcwGHue,gedqMhpP
1161,-3072,-5204,-3408.5826,9635.2855,2520.561,iWeLI,ByBYesV,oSwWQIdxJop,XnTftsmuyZhOyl
-5624,-7468,234,-6293.6842,3696.1302,-1214.8437,fFsZMPlATiQlIf,TOhjoHBqIwaHjpKOIHO,AA,QRJQgevsAoFPwfgHy
8912,4941,-4120,-6256.5467,-9050.2144,125.9607,GUPgBLAzPxVwtbbB,plhzgspoimFSf,QRUHTrtEWFaY,tv
169,8925,-3261,2200.7231,7832.9804,-5104.902,AUSUNuC,TtLZQ,KnHGfYAOvdgSBMLHti,lBYXCaYN
6573,-1530,5067,1203.9248,-6621.582,2257.5577,HtHAcTsxjWUDnu,cfpkFadTl,FHeLCZhfg,FClcFZq
2586,7293,9435,-9645.8962,2515.6924,5953.8733,HHHajXjmfn,KkwjCtZSOVpYI,PrEil,CIPqaQiFceboNTGIn
-951,-2030,1358,378.1695,-6708.7456,7825.0433,ZepOtT,rLDfCbdalByqNTsyyEed,qw,uDHHkAqCRdLdjn
-5062,5625,-2607,4009.9504,4139.1786,2480.4156,pyoPxs,cUxNpIVvVxNDswC,ExLsUJes,gIn
-7096,5214,7268,-3734.0901,6156.0765,6176.6881,JdmzWrDRyKNWOKIzk,ykuOG,xuZzbuyJCjGiRG,ebeccObCwRkKccvBt
-9109,-486,8110,-3557.708,-4814.7039,-4076.6213,aaORFKf,QEUlQOmjZAUI,KhCswlyPFyZ,idvMhmdBr
-8764,3849,-5111,4553.8599,-2871.3132,5886.7892,Q,eiSjsPMwLxnNAqFZp,AbEmpwp,LeTDlqJrOayLZrny
-2043,2136,-6757,2226.7185,3898.7571,7852.8345,LvHWCVsTYANNNFd,iRmu,uZCdJhHYvqQaV,GROuOUeYeSuFRGBo
4024,-3471,5426,870.3212,-7070.0656,5388.0289,OzladlFSIOlqsqVaFo,ZdnCghypBjfuBGQg,z,orWcHwdpflzSQvz
-1135,-784,8318,-8886.0398,-7848.2194,-8851.2192,IYvgdGYCABVRUxPbaPf,dp,ZtPOwzhKJUjF,yYLrfZZmlJyYvEikf
3774,4573,-8246,9408.4893,2720.1044,5162.4001,cJCIidhtgppuNv,cnoOSBw,tlmpvRuNuyzZqwlGwyW,ulCOPg
-6899,9498,-2450,7876.7154,6119.1782,-4585.5701,ZGTvRbxUgxiFYcq,EQlJwMmkzXo,BnDlRUeiYCfUYBJyS,cYGQLmexRZCqQiu
-8527,1779,-4798,-7344.2671,-9150.3061,7910.4952,eNKvRqTbJWmx,c,exUMpxTHJovqf,s
-2242,5595,3640,1444.3942,7345.3215,-1416.2872,bhkxYVZfPGSijLq,lMvEhsNrlwBkj,TiqWmNMfq,DBWHDutdnU
-5464,-2030,-723,5623.8878,2978.4147,7199.5188,qWZVHQQSVqKAfFVwD,POoUEIGiJoaPIHXNgOUA,zNGbKUuQSxX,jNAi
-7711,1317,6126,-8925.544,2131.8609,-7270.4611,Vl,UbeBmCGI,rvBjvkzya,CIJMOrz
5615,1919,1648,-1966.0939,-409.3686,-2936.4301,aUYdx,kkMbb,ON,UdsfVUiWCQ
-6596,-5483,-6413,7427.9689,-2391.2906,9096.529,AHijbYTLtzPHs,BLKQLUAUXkYaJgQXeXXS,ScHhRfuFuWSGDRYWNzl,QzcNSQMFcwFKLpwYDG
-9049,3013,3682,3059.7711,-6397.4658,-5117.6266,VjNhDGCNMKNq,eOKwJjvyrlYefE,sblGee,tqcyGcbp
8403,-4558,-2767,2198.3998,-5314.2018,3781.0315,WYIKFIDCuJcokZ,gkdMbVET,Su,MSiNOPo
-7745,-2483,-3775,1288.7913,-7913.8442,-683.403,PfCKNPLB,hwOLOJvDqiBlhQ,dMdIFKILFeUeyeAkaoN,cODoJglgqQZxbBLlpHS
-4877,4488,4757,-5075.3679,-274.8897,8209.0448,WGlUacScSCbjFqRkmZLr,zwAVhLJ,theJwMNh,AUvDuSZNVSO
552,-2881,3744,9410.1595,2574.1378,2481.221,CYTgoW,qJSqtxfFnOvjSXqQr,udfdjJuiVG,QpoEP
-6126,6962,610,3206.5305,2734.7506,-6818.6798,NmVZaQHcDFNnYpwKkT,FRLimGHuIWOk,GhGMtlmez,haLqhBCTJTCtoq
7686,-2211,-2665,6589.7805,-2474.6835,-3185.4293,kcsUuisF,tEP,aJywkAGVOqPKMHxuJFQf,PDTm
6778,-2411,-2694,7469.013,-4354.4705,-3591.124,TcXIWrArxpOgUmNe,JKVolHkx,THltknpTrcJ,XMGvwavrToptQBt
5771,-6826,3049,-3745.9759,-6092.3946,6549.0803,LTsgoQlv,eZAXChaCeKGtni,MHTuDRwHPWznaeyUU,xvmW
5249,3074,4654,-7925.4033,7791.3331,2826.5415,di,JeZXRMmucIPT,TjIpixne,epJPYFDCi
5925,-9622,1603,6552.1612,-7489.4718,-9905.0792,ePARymTNdOraE,RyaMtSEWFmkFEN,vVdvEmhpzeQ,NtzqMJhTykWxGEFHJGQ
7544,-7575,4062,-2824.3923,4455.0832,6307.6741,ANZLbhuePaa,AkVHzGyCqaUDTh,mwkZHTiLpVDOwYLNzf,FBuEbhKo
2492,-365,-7079,5888.79,-1638.721,-9140.0815,vjfyAlvqDlt,ESHjbycm,tSYHkeHlNA,PMfNGUXXiq
3994,6142,2701,-639.6495,3567.5231,-9477.591,wJgEeg,fbQfJrwlDhYM,BLetVZwMSnC,vXzvck
-2438,429,3604,2540.7456,-5222.4064,9835.9564,fMdzxBgoQRDHnEp,fXQZmeLGL,enqjJQkBwQgVPjReY,GLqFJ
-3212,7518,-3064,5945.5981,-1166.3985,-6056.7157,yrwIlVLfQGxmujah,KLISzNZv,jJzmHgREjGvAAJpjT,UQMRlvJZObK
-3510,-7450,7321,-8647.1256,-7875.4118,5746.8435,UxPGhVUD,EPn,PXEMfkCeUtCgQ,zisnyRHOOzzBGTJZeeq
2876,-4026,-8851,-6794.3791,-2199.4947,-6610.4661,bElYs,nDwMOKqlBwPN,heupXruqxuiy,SGNZsxnMrIncn
-1582,-8343,-3894,6076.4332,8785.5591,1271.7893,MuXkSlRRYceRgWUYnEd,tXNaenFTCCOgHn,d,BbbzxnBIsM
9824,465,3960,-6045.1901,7132.7352,-3974.8192,zazZdW,VqoCEtdAMfBjh,gOaOKVmWTJFKes,DNvK
21,-328,9583,-3069.0568,-2006.4895,-502.977,SoYOSQ,wOEtItgMZkxHnTh,uKX,zcoNgR
-8168,-1074,-8253,850.7674,-7436.0408,-9787.8601,mNjlunoiXsBTTgGxil,JcCfTpFGmYPzkqHQWHPm,nItE,nbcglyElhNUSrz
5117,2140,-9948,3736.3627,-5604.3409,-1851.4419,NJamJs,kx,MuzMrWGMIbwStPuXJ,AWjsYpwEOlN
-305,-3746,-8553,-9146.7693,397.475,9795.2318,HfiMkIsrhrE,DYPgEe,NFa,V
3363,1290,5303,-164.5401,9430.1456,9675.1491,anSVRBrWoNdKgZwJcxn,lwUwXmzFZWmUN,NwRLbTx,JVWSher
-9196,8842,2133,8261.138,-5921.4537,5796.2205,dd,pcqA,vNT,mjIhWNFKvbYZw
-2852,6944,-3675,5910.5774,5733.2999,-9874.5453,USjQhpAxL,CtXkjqViREcYPRUfif,CjOZBxQT,TID
-9712,5765,2588,9834.8966,-8145.6382,6180.7991,HrkbCMBTzgMd,kj,iDjLAQkQklOuSPbT,ULBcJMqBkx
3595,4772,567,6870.0824,9473.1564,2440.4988,dEZH,RJLdedwkYiSwj,uKaXyssvPTCiLtYe,DhWAHlYjF
-5364,-3671,-8796,-4580.4466,-6587.8386,-7884.3472,bOKMJYZZtPFCLjYGm,cBBHHOoLtCXe,xSLYSVAzTStFZ,nREcrYLP
1540,-35,5853,6197.574,-1334.9176,4577.779,ESPfNeECPBtbvpjrBG,CZCwVGYwq,SiMwupRqqFrf,XMmUmPajKAQsHyMgBC
-8198,5186,8814,-4995.122,1251.8031,9566.079,p,CmLBvnBlREXjfjm,cbUyQMlRhPgaGA,XSjDZMZy
6481,-1288,-3281,8080.9363,-7427.3964,-6172.0313,XzRMhbX,wwbNc,wpBpXLbCBIQ,GeKvJNd
6555,6911,945,-493.3351,-222.8633,7476.1111,glTqrssqQPzEwPM,TNEvJqoNjtHeHbLHjYSx,rvpQcK,dlppuiRBHRgryPHyU
-5526,2761,-9655,5372.9027,-4996.3239,338.53,PMRFDXYGz,ABzMODBH,wFLsz,gWwMlTDgfm
7702,-3399,-9602,-2427.9237,7675.4001,571.5299,dttQaWViIQw,aHgPflpwBo,cF,jIDyClSCUtvZIgw
-4573,-7048,-2189,-6125.6091,5292.229,1917.9376,oxkdULQVxdgzn,JuhhrSr,UOA,smjYlqRSmJKaeXsb
-5668,-2778,-7270,354.5602,1667.5069,4261.5375,jcvH,jdfwWwSlexXwRMhd,UsUgmlopSfBgWUwRXRAy,lizBAlFBVjDNzPwI
9748,-7533,-6330,-8688.8352,-6718.3169,-8626.8757,cvlO,GtsHr,CORqIgUkYvQy,fjGEEluQAGMbIiuHFu
4261,-4975,3599,2454.7748,1364.81,-101.3902,ijdsU,RrJcipsTjl,oFqHzE,caXLn
9494,-4825,8249,5778.1979,9496.0124,1522.7299,EIZzwyN,aVGOGS,SRxWduNvAfS,QlsPdWSAFQ
-3104,9882,3109,2897.6555,5951.1479,6432.4144,zmubLFrut,mGdXxdPRKKqTeUbYlr,Qqv,ixMMHDjqlo
753,-849,-9175,-6402.1162,-6006.5374,-7313.4962,AEyjLPRC,awPrgXJtZuQyN,KZQlaYZTYyxWRRXpUQpS,vYiUzQyNQzJNyKiuZSaG
-5072,901,6533,9.4994,121.731,4860.351,Fu,zJJ,qRgc,PydjIxidOxVGU
9009,-2358,-9810,-3782.2274,7653.4197,-8277.7195,kk,cp,nPeJJGZlcoM,mkGPKOeWGVJ
6739,-5367,8894,2890.9373,2142.8826,-798.4078,VKqZJm,Oc,oqLvvKBYTsoDSrmw,NDpGCaJoWwuwS
6056,5005,-8558,-5735.7902,9147.6464,-7046.1541,gDtfApISsS,fFaQ,CCGTiqKHgDylO,EKXXOCRKBsHVEQrhrOf
-222,-9120,-5566,-365.1997,-40.4832,-7982.6069,SGThmlpEcAmvcMOrCEm,GcjZZtcNgqhjn,JSrhF,YSqSwLkaQEEBFEd
982,9392,-2759,-7024.0481,-4688.1994,-5686.5538,GsUovRuWLTwtA,USxeajXnhIljHSQ,JvgBKKdjZZosBO,yAsRAQVorDWj
-4410,7349,4412,-1561.8724,7366.0501,-4134.2393,nFirUHlZ,K,noYEyMmQ,um
-4127,7461,-5163,7375.3686,2788.7929,9715.7903,sGPjdRfrusvdtyDqUq,zPmQcSBCbfVciz,KUPcbflKPk,GOWbSVC
-1329,-8260,1288,-6876.3391,-1666.6822,-6034.3212,CZjgVWAq,nogPejocuClTfIjeR,Hc,YjoSKFuNqf
-8065,-2376,-9677,-5955.914,1270.2572,-7589.7978,OpqTcKcboiXztQS,piqQCIzFWyNKmOLkUT,ttkdoMXmGmdjujt,QzcXNy
-7090,8642,2108,-2664.9797,6108.2569,-9635.406,KfwDVtbHEXcCLDbQUl,AjkcCohgr,KrNJ,LRpn
-8036,-7917,6073,-3717.6938,-6467.7402,-5044.3932,aXCI,tUwS,YhhLctH,YVvfXxDqGL
6430,8615,-5122,-3218.5317,7620.8809,6485.5482,WVVlQdSTM,HbEtKz,HsAxssGgNkWcBoykt,DTvPXyqdZzr
5529,-9448,-3915,7172.7972,-6111.8021,-8773.4744,fLwwVITvzvILUbev,nAQNkqyejhxCFVxSW,PcPCnYJbHcHiH,LhHNQlVhJOHf
5609,-337,7516,3040.7067,2602.6439,-6097.7345,onYLNatuaSpRwNR,ZekiPtuiUWZaA,suR,sKTKxuyzZahdtOjk
1714,-8496,3098,-576.7894,-1275.3676,-8255.4165,NselMtE,VnLkRiaKGOJ,RelCXzvyXNVUYPwOBG,uQRBKMvqfmS
6661,336,-3403,-363.0685,-882.9497,-1059.7065,uAbdpbccxo,HCsEGWXm,gmcHKlHAWJ,ILhYnaZGXxIUqBoFJAl
-723,9975,-5196,-7134.4617,2016.5513,9498.9121,M,UFgydUKyyrQLgEBxX,NjO,wyOLygdzRHCBRFlOw
3343,2044,8527,4339.6237,6832.7085,4469.5747,vXcPxhLKakEVz,YwvHaYdpgV,uxzmq,taxfXMIb
-9066,-8251,6293,2412.8546,2083.2783,-7605.2066,XpsXZCMojhiosEzDAY,tQokUeCXO,LDurULPs,GMSnlEVYuiYfA
6893,7341,-5926,3623.3573,-9529.6492,5940.258,NAUSVpjaCubDjFYW,hvIyLi,jMRZhOpyVUWTPuzdYoe,ZCSvl
2011,-8478,7106,4788.6071,3963.9774,-9611.925,RcuzsDqwlCrsrLjVgeFR,GwwKXjklwmIzieeUqPF,Y,tjYhiTPTCUuCGWyz
-7876,-2055,1344,-1842.3142,4208.6012,-3309.9597,dWwXiAMXvEaQVwAmhE,fmgZcMUTmfRuXCP,h,mXTUc
-7121,5113,2875,-5408.7051,4261.4971,-8181.1748,RiviqBMqWiZy,l,BmtoOUhhDXVAJgdYEnth,zZmMPZzcrVN
2722,4786,9606,-9981.811,6928.9399,5997.3714,CCJPMRfpY,TyHEGvlvlIvQR,wmdGmPBAoFlFhxMb,BIa
3745,9788,311,-5405.4752,-9326.2044,3040.5647,JorynnHTgaFOUjZp,TOY,wbVbfQvQrAYMfKaoquN,jAtwkPWAqMCVPqbE
886,2384,-8538,-9606.9763,9612.3317,-9346.6178,kcnVaLl,qLuKwCXuyWC,JAqhvXAFcCgeQCGM,LUwHLsApNiWNzV
-5519,3087,-7377,-6180.1416,-6024.6354,8193.7156,KGzwjEVcYZrwF,GMxLloVkDUq,fuIzaXTgWVXyeSs,gwumLvClr
8302,8010,-6412,-8777.4769,6829.6966,-1620.4135,yCEjFxx,Yd,NQeyHxcr,gGq
9944,7533,-1060,8067.2929,-1769.4838,7708.7604,nuvgxmQvinHCDQl,qrAYOBvpkAhE,pDVqJrfsGio,tw
-3107,-106,-1927,4199.23,5719.3708,-5581.471,ufGTjoTx,EqrzRyjtuqYpjVBwA,khpXUBGN,VhSFyekoaV
1946,984,-1826,5984.0898,1515.1522,7289.7269,uVG,g,Lsox,bxMOcJirzFBqZoe
-7656,-5812,4484,3786.8504,-2442.2331,5616.5208,oDDRNRmQoabigXJIdKAk,ARKgfn,dyslRB,TVUwM
9264,7686,-2953,3766.4736,3598.731,-6717.9916,xjufxmXwLDsCmDS,KPSELJQbeddYinm,MwFNGYiCLfVpLDu,ZX
2944,-6717,1728,-7553.1315,-4646.9015,-8396.7415,SDEj,TXRaNMqgQjxszxLvvi,lyWiKtCZSvoVkP,HRlS
-9322,3001,-3773,-3206.979,4732.5245,-2768.4157,wEBgKdussfhc,kzpmJjpcxRnbSst,BMOcVcjmXLJaJQejGXh,msASweRpGSUWpvRvjth
1292,-4761,1156,1350.1729,2513.3302,6001.1489,B,gdUsMnyG,WrjqLjFEOjj,fHVSIJRgNnsnkXGAx
7440,5192,-2774,-5619.6373,3526.4185,-8900.2873,dYhTnZgOEjJwmLZJ,ZOQdjvDRSLGg,NmaaVNJJxX,FB
6343,-8215,3122,-7873.3943,-758.2307,960.0747,gnSDGBao,FGfwm,cNATDAogJWfxqJChby,pVOHO
104,-6389,3275,5116.9604,-1477.8692,4624.7187,lSmQmKIAIoBB,FHkHWqRnBf,YlNZlstpXnrH,WciIPKvk
-6504,-9157,5194,7592.2635,-7542.4541,-9509.7534,RzRgGvtxKJsOhXzhdWdR,BArmwdgLTAYiTbZf,ozMWDqAfKP,DWNHCTpRaxzSTAmX
9543,-9494,-5892,3877.1189,-1332.4922,800.1481,ozGqr,Ybef,ksQs,EqvkyXm
533,4958,-3407,1509.727,-2782.24,-9741.2354,jlTPpRswnSpC,nxRwJ,DFyUxLYaZtJORAZnZvG,GCtWw
8514,-1412,-7320,2712.2127,88.6163,768.2126,zPMRA,ZfDYsujp,HKctHPf,ow
9968,582,4922,610.386,-3076.042,1578.5027,juKqExYeJ,HTUDOnurDNWzStKY,WixcbHInuRDLYraSLY,LJD
4882,-6500,2986,-7193.421,6066.0983,-745.0027,dpeHhtt,nyW,kiIfSWmQRqBpQYtxIod,hcDheslBvVdRD
-56,9493,2784,-4166.4405,2849.4997,-7563.2536,LGoAKkDDEPsrhsIoquk,r,LbtWiwXOXkKbBSIGxga,xFgHeQXYVrrY
3811,-5462,8654,7703.2252,2426.5297,-4224.7278,XBOoexfhyRipizLTPTDI,AcDSdGH,PYdFHYKCpMCToMNXj,ovxBKKyVWtLIl
-7807,-3006,4788,6498.4236,107.906,-228.6988,PxGubKFdXODy,CvhyaRdJBMKO,Jon,N
-3506,-7961,2528,-4745.5586,5237.418,4770.4609,ZGrnoFYs,xAMYQNAcCT,MDiryHbgobVH,YURF
122,-3088,5820,2494.0173,8942.7145,4494.9517,MaBhZwXOaqMS,XKJZUTVyEiwGxS,tyjBokDWJTe,rVabhdOw
-119,7144,-2312,-1121.8046,2031.513,1740.4857,btUuGxZwFtWn,bMyAUGGciuzZUlLYsm,qiA,BVqRGQLXyybS
-6121,-2034,-9459,-5036.8755,4019.9121,-2223.7951,ntsZBWQTcpYlkuRFs,xfkywcWyCQJEEjYmXYv,TvWNuYumcdQ,sSBAMKWnsHZfMySHGWt
-2184,-3703,8042,-7054.2754,9930.2415,-2746.1379,gIC,sjzxrDuEtpZNxHH,kgaIKQnxZfbywURA,yH
3764,1859,-3443,6228.8838,-1638.2135,7505.2834,rAjoClxlbLV,cMeGaq,uStDSnlVukySHwIWG,niUcgKD
5027,-2754,3171,-1037.4238,7375.7502,-9181.6091,hTvORUokvbcCfZ,en,PnNnoRnfRsWTvBKmD,DBNvAs
-5088,1269,846,7369.5528,7589.6702,-9943.8525,gdRJKwR,mMUsVch,vDH,TTCUO
1613,-2192,-1084,-6638.7521,7810.8439,-764.4785,ELCIXO,qfSTBXbiClz,PmvlvZwxElgukmgrQ,wluLiZ
1641,-453,9310,6221.9963,519.0806,-4235.6966,QgFwZghFXLbMsgF,blyuxMxR,HjtShANTOucmW,xZa
-2961,-9067,2454,2761.9904,4429.8109,7093.0874,LTPciyXTZjda,kgtWmgmH,saJKzsqYANr,EoEcjmEvLgfNjjH
222,-7141,-9335,-6193.7271,-9199.2242,-1640.51,J,rIljvmSSoagZjzNv,MaaexOdCuvnehOOKl,ftyWZmOBhYbTZA
6601,5276,-4714,9123.5518,530.4532,-5629.9171,kFgQlKmR,TzihXFNvCHtoIc,vyCxbNUYXn,njxqZweRBBFoTKQlj
6330,9013,5981,3693.7767,-8698.6905,8580.5382,l,MxDY,YWydXIXb,RxHMOYIYmgzJqiRDI
-5307,1928,-9855,-2283.0265,-5359.4386,3730.7794,VEsY,WZLkCJNiszRdnSUUvU,jESycvdBRnDObTujn,AoCBWmSdjyoAhpvxQqv
6302,7012,-3048,-5293.2704,-4632.115,7986.7059,K,EuwDJoqlpz,FvsclSaEoq,wt
-8762,8446,-2206,8182.6164,-7997.9479,-7459.1946,iH,dQUjXteZMkqvNqVeODHn,frTZAkGorVO,rKHvGeQDogtekveHR
-5750,1890,-3707,-5855.0639,4840.2089,-3518.4735,RUOYQSxFoTlF,nLHBnanVNMuRzO,ENrG,GLywt
594,-6917,9482,-7497.1481,5377.9877,2330.9716,ofaORnfzFJwSueO,xlpndAmbPotCc,jcVoO,hX
-3691,4169,-5972,7018.5764,-1414.4192,5265.5833,nHaFogNcBcNrer,aHdlxBAlMDSmxBZurd,lBvMicEKN,OuSTYjRTYgzDrAKuAC
5910,1399,922,-3302.3758,9372.692,2051.1625,tlCM,VwhH,WfwSADYKjMUZcpWTtvGB,TE
-3471,9693,4323,6417.8929,7096.8873,-4027.7887,abhnGEvIPdXb,XxCqljPSrydMD,vdDDlDKTx,PUcoGnYnUOjTq
-6363,-1670,5725,-4085.9937,-3209.4698,-2480.1429,vpl,POootXqBExsht,mktCpQRHUjyd,Y
-610,-8769,-9991,-6526.5959,-5964.1915,7240.392,dwpIqUzvqiaDCyO,eyZfYUOHJpyZt,agZQzQXjZVqx,FvuXMKbr
9295,-1935,4641,3369.8883,-8876.1237,-3769.9404,NhgnzswJbbEKzRjIuzd,lsOit,rma,VofSqwMI
5627,-5335,-8933,-2431.2643,-1697.7329,6624.6497,LAGkIzS,ml,zHgFZT,XdHnDIRI
2888,-4261,771,-1063.8887,-3157.344,9678.0731,I,fQvZgaHAeCRdsevR,MyqqddHwDwivbeqWJ,DAPd
-7210,1420,9440,9803.8688,-6386.8545,6882.9629,VEVJhOfXawIcnejNZV,jgNRXVJFqdABuXjV,fhGvCtKWLKmRLZ,DWEtFAPJ
4545,5968,4479,-442.1137,3117.6739,-7010.0584,EZBJXFj,mJJZIh,AdClGQuebMlmMwEaSnPr,CvpnAQ
-631,-902,-4687,1855.9917,-1557.4366,-8815.9508,CFPdQqKk,VnvFHPREbwjzUKbYCnO,yamutftuNaeFcIMYNg,uRLRMJaZTwnndkVHaGHg
-1429,2330,1545,1262.6583,-4072.1152,-1907.5702,cJz,XlLRU,IGEdwwS,RfpcrvsTorvEoVmw
